order_id,customer_id,status,order_date
ORD_00001,,DELIVERED,2025-06-27 11:14:24
ORD_00002,,SHIPPED,2025-06-12 11:14:24
ORD_00003,,SHIPPED,2024-09-20 11:14:24
ORD_00004,,SHIPPED,2026-04-29 11:14:24
ORD_00005,,PLACED,2024-10-22 11:14:24
ORD_00006,,CANCELLED,2025-07-14 11:14:24
ORD_00007,,SHIPPED,2025-05-13 11:14:24
ORD_00008,,CANCELLED,2025-11-28 11:14:24
ORD_00009,,PLACED,2026-02-15 11:14:24
ORD_00010,,RETURNED,2025-06-10 11:14:24
ORD_00011,,CANCELLED,2025-08-20 11:14:24
ORD_00012,,SHIPPED,2025-09-28 11:14:24
ORD_00013,,SHIPPED,2024-12-19 11:14:24
ORD_00014,,RETURNED,2025-09-20 11:14:24
ORD_00015,,PLACED,2024-09-02 11:14:24
ORD_00016,,SHIPPED,2025-01-24 11:14:24
ORD_00017,,SHIPPED,2025-06-02 11:14:24
ORD_00018,,PLACED,2025-11-05 11:14:24
ORD_00019,,PLACED,2025-11-04 11:14:24
ORD_00020,,RETURNED,2026-04-27 11:14:24
ORD_00021,,PLACED,2025-07-04 11:14:24
ORD_00022,,SHIPPED,2025-06-07 11:14:24
ORD_00023,,RETURNED,2025-05-04 11:14:24
ORD_00024,,SHIPPED,2025-03-13 11:14:24
ORD_00025,,PLACED,2026-06-21 11:14:24
ORD_00026,,PLACED,2025-10-13 11:14:24
ORD_00027,,PLACED,2025-05-27 11:14:24
ORD_00028,,RETURNED,2025-05-09 11:14:24
ORD_00029,,CANCELLED,2026-04-15 11:14:24
ORD_00030,,RETURNED,2024-10-16 11:14:24
ORD_00031,CUST_0086,DELIVERED,2026-04-19 11:14:24
ORD_00032,CUST_0209,SHIPPED,2025-01-05 11:14:24
ORD_00033,CUST_0068,DELIVERED,2024-07-23 11:14:24
ORD_00034,CUST_0245,PLACED,2025-10-31 11:14:24
ORD_00035,CUST_0445,PLACED,2025-03-31 11:14:24
ORD_00036,CUST_0057,DELIVERED,2024-08-25 11:14:24
ORD_00037,CUST_0180,PLACED,2026-06-26 11:14:24
ORD_00038,CUST_0012,SHIPPED,2025-02-15 11:14:24
ORD_00039,CUST_0536,RETURNED,2025-10-16 11:14:24
ORD_00040,CUST_0130,DELIVERED,2026-03-10 11:14:24
ORD_00041,CUST_0031,DELIVERED,2025-04-25 11:14:24
ORD_00042,CUST_0066,DELIVERED,2024-07-09 11:14:24
ORD_00043,CUST_0079,CANCELLED,2025-03-29 11:14:24
ORD_00044,CUST_0057,CANCELLED,2024-12-05 11:14:24
ORD_00045,CUST_0162,DELIVERED,2026-03-25 11:14:24
ORD_00047,CUST_0013,SHIPPED,2026-05-22 11:14:24
ORD_00048,CUST_0393,SHIPPED,2026-01-06 11:14:24
ORD_00049,CUST_0037,RETURNED,2024-09-05 11:14:24
ORD_00050,CUST_0330,SHIPPED,2025-05-08 11:14:24
ORD_00051,CUST_0328,DELIVERED,2026-04-20 11:14:24
ORD_00052,CUST_0123,RETURNED,2024-08-18 11:14:24
ORD_00053,CUST_0184,SHIPPED,2025-01-26 11:14:24
ORD_00054,CUST_0411,PLACED,2025-03-19 11:14:24
ORD_00055,CUST_0319,DELIVERED,2026-04-11 11:14:24
ORD_00056,CUST_0009,DELIVERED,2025-12-15 11:14:24
ORD_00057,CUST_0312,RETURNED,2025-11-02 11:14:24
ORD_00058,CUST_0506,SHIPPED,2024-12-26 11:14:24
ORD_00059,CUST_0252,SHIPPED,2026-07-02 11:14:24
ORD_00060,CUST_0025,SHIPPED,2024-12-31 11:14:24
ORD_00061,CUST_0010,DELIVERED,2026-07-07 11:14:24
ORD_00062,CUST_0386,DELIVERED,2026-03-24 11:14:24
ORD_00063,CUST_0244,CANCELLED,2025-02-20 11:14:24
ORD_00065,CUST_0238,RETURNED,2025-05-12 11:14:24
ORD_00066,CUST_0382,CANCELLED,2026-04-13 11:14:24
ORD_00067,CUST_0518,SHIPPED,2024-09-24 11:14:24
ORD_00068,CUST_0077,RETURNED,2024-12-04 11:14:24
ORD_00069,CUST_0134,SHIPPED,2025-09-13 11:14:24
ORD_00070,CUST_0323,CANCELLED,2024-07-21 11:14:24
ORD_00071,CUST_0335,DELIVERED,2025-04-01 11:14:24
ORD_00072,CUST_0077,SHIPPED,2026-02-19 11:14:24
ORD_00073,CUST_0599,PLACED,2026-01-30 11:14:24
ORD_00074,CUST_0461,CANCELLED,2025-08-21 11:14:24
ORD_00075,CUST_0549,DELIVERED,2025-12-08 11:14:24
ORD_00076,CUST_0475,DELIVERED,2026-03-08 11:14:24
ORD_00077,CUST_0312,RETURNED,2026-05-28 11:14:24
ORD_00078,CUST_0336,SHIPPED,2026-04-06 11:14:24
ORD_00081,CUST_0415,CANCELLED,2024-12-16 11:14:24
ORD_00082,CUST_0256,PLACED,2025-03-22 11:14:24
ORD_00083,CUST_0144,PLACED,2026-06-26 11:14:24
ORD_00084,CUST_0228,SHIPPED,2025-12-18 11:14:24
ORD_00085,CUST_0382,PLACED,2024-11-19 11:14:24
ORD_00086,CUST_0077,PLACED,2026-05-03 11:14:24
ORD_00087,CUST_0455,SHIPPED,2026-04-05 11:14:24
ORD_00088,CUST_0340,PLACED,2026-05-26 11:14:24
ORD_00089,CUST_0052,SHIPPED,2024-11-28 11:14:24
ORD_00090,CUST_0405,CANCELLED,2026-06-08 11:14:24
ORD_00091,CUST_0437,SHIPPED,2025-07-11 11:14:24
ORD_00092,CUST_0192,DELIVERED,2025-09-25 11:14:24
ORD_00093,CUST_0153,PLACED,2024-10-18 11:14:24
ORD_00094,CUST_0252,DELIVERED,2025-02-13 11:14:24
ORD_00095,CUST_0564,CANCELLED,2026-05-07 11:14:24
ORD_00096,CUST_0393,SHIPPED,2025-05-05 11:14:24
ORD_00097,CUST_0539,SHIPPED,2024-10-01 11:14:24
ORD_00098,CUST_0557,PLACED,2025-06-12 11:14:24
ORD_00099,CUST_0368,CANCELLED,2024-12-28 11:14:24
ORD_00100,CUST_0353,RETURNED,2025-02-09 11:14:24
ORD_00101,CUST_0277,SHIPPED,2026-06-12 11:14:24
ORD_00102,CUST_0225,PLACED,2025-09-24 11:14:24
ORD_00103,CUST_0484,RETURNED,2025-07-07 11:14:24
ORD_00104,CUST_0239,SHIPPED,2026-03-28 11:14:24
ORD_00105,CUST_0247,DELIVERED,2025-01-08 11:14:24
ORD_00106,CUST_0058,SHIPPED,2024-11-26 11:14:24
ORD_00107,CUST_0398,DELIVERED,2026-01-12 11:14:24
ORD_00109,CUST_0361,RETURNED,2024-12-08 11:14:24
ORD_00110,CUST_0193,CANCELLED,2024-12-30 11:14:24
ORD_00111,CUST_0503,PLACED,2026-04-07 11:14:24
ORD_00112,CUST_0225,PLACED,2025-01-15 11:14:24
ORD_00113,CUST_0340,RETURNED,2025-12-14 11:14:24
ORD_00114,CUST_0349,SHIPPED,2025-08-11 11:14:24
ORD_00115,CUST_0152,RETURNED,2024-07-17 11:14:24
ORD_00116,CUST_0114,RETURNED,2025-06-30 11:14:24
ORD_00117,CUST_0383,CANCELLED,2024-11-15 11:14:24
ORD_00118,CUST_0310,DELIVERED,2026-02-19 11:14:24
ORD_00119,CUST_0448,CANCELLED,2024-09-12 11:14:24
ORD_00120,CUST_0576,RETURNED,2025-07-08 11:14:24
ORD_00121,CUST_0180,CANCELLED,2025-08-28 11:14:24
ORD_00122,CUST_0302,SHIPPED,2026-01-08 11:14:24
ORD_00124,CUST_0326,RETURNED,2025-11-24 11:14:24
ORD_00125,CUST_0107,CANCELLED,2026-02-14 11:14:24
ORD_00126,CUST_0080,SHIPPED,2025-07-18 11:14:24
ORD_00127,CUST_0172,PLACED,2024-07-13 11:14:24
ORD_00128,CUST_0344,CANCELLED,2026-06-27 11:14:24
ORD_00129,CUST_0256,PLACED,2025-07-15 11:14:24
ORD_00130,CUST_0111,PLACED,2026-05-20 11:14:24
ORD_00131,CUST_0430,SHIPPED,2025-05-11 11:14:24
ORD_00132,CUST_0388,DELIVERED,2024-12-26 11:14:24
ORD_00133,CUST_0491,RETURNED,2024-09-10 11:14:24
ORD_00134,CUST_0231,SHIPPED,2025-04-02 11:14:24
ORD_00135,CUST_0035,DELIVERED,2026-06-18 11:14:24
ORD_00136,CUST_0108,PLACED,2025-07-23 11:14:24
ORD_00137,CUST_0385,SHIPPED,2026-04-23 11:14:24
ORD_00138,CUST_0096,DELIVERED,2024-11-07 11:14:24
ORD_00139,CUST_0495,PLACED,2025-04-23 11:14:24
ORD_00140,CUST_0169,RETURNED,2025-04-20 11:14:24
ORD_00141,CUST_0104,DELIVERED,2025-12-10 11:14:24
ORD_00142,CUST_0420,RETURNED,2025-01-01 11:14:24
ORD_00143,CUST_0289,DELIVERED,2025-11-07 11:14:24
ORD_00144,CUST_0403,RETURNED,2024-12-23 11:14:24
ORD_00146,CUST_0090,DELIVERED,2024-08-30 11:14:24
ORD_00148,CUST_0175,DELIVERED,2026-04-16 11:14:24
ORD_00149,CUST_0119,DELIVERED,2025-05-27 11:14:24
ORD_00150,CUST_0272,PLACED,2024-09-19 11:14:24
ORD_00151,CUST_0190,DELIVERED,2025-06-13 11:14:24
ORD_00152,CUST_0457,PLACED,2025-10-12 11:14:24
ORD_00153,CUST_0270,SHIPPED,2025-10-06 11:14:24
ORD_00154,CUST_0155,PLACED,2026-04-12 11:14:24
ORD_00155,CUST_0555,CANCELLED,2024-11-12 11:14:24
ORD_00156,CUST_0063,CANCELLED,2025-01-19 11:14:24
ORD_00157,CUST_0549,CANCELLED,2024-11-29 11:14:24
ORD_00158,CUST_0488,DELIVERED,2026-04-19 11:14:24
ORD_00159,CUST_0036,RETURNED,2024-12-01 11:14:24
ORD_00160,CUST_0586,RETURNED,2026-02-08 11:14:24
ORD_00161,CUST_0460,SHIPPED,2026-01-18 11:14:24
ORD_00162,CUST_0198,SHIPPED,2026-05-26 11:14:24
ORD_00163,CUST_0446,SHIPPED,2024-10-04 11:14:24
ORD_00164,CUST_0265,DELIVERED,2026-05-01 11:14:24
ORD_00165,CUST_0570,CANCELLED,2024-12-20 11:14:24
ORD_00166,CUST_0283,RETURNED,2025-03-26 11:14:24
ORD_00167,CUST_0013,RETURNED,2024-11-14 11:14:24
ORD_00168,CUST_0430,PLACED,2025-05-10 11:14:24
ORD_00169,CUST_0581,RETURNED,2024-11-19 11:14:24
ORD_00170,CUST_0103,PLACED,2024-12-09 11:14:24
ORD_00171,CUST_0293,RETURNED,2025-07-21 11:14:24
ORD_00172,CUST_0271,CANCELLED,2024-09-06 11:14:24
ORD_00173,CUST_0485,PLACED,2026-01-13 11:14:24
ORD_00174,CUST_0148,RETURNED,2024-10-23 11:14:24
ORD_00175,CUST_0412,PLACED,2025-05-29 11:14:24
ORD_00176,CUST_0340,SHIPPED,2026-05-19 11:14:24
ORD_00177,CUST_0276,DELIVERED,2026-06-18 11:14:24
ORD_00178,CUST_0311,DELIVERED,2025-09-24 11:14:24
ORD_00179,CUST_0101,SHIPPED,2026-02-21 11:14:24
ORD_00180,CUST_0454,DELIVERED,2025-10-06 11:14:24
ORD_00181,CUST_0092,SHIPPED,2025-04-12 11:14:24
ORD_00182,CUST_0417,CANCELLED,2025-01-26 11:14:24
ORD_00183,CUST_0058,RETURNED,2026-01-27 11:14:24
ORD_00184,CUST_0519,CANCELLED,2026-02-20 11:14:24
ORD_00185,CUST_0537,RETURNED,2026-06-09 11:14:24
ORD_00187,CUST_0052,DELIVERED,2024-07-17 11:14:24
ORD_00188,CUST_0378,CANCELLED,2025-02-06 11:14:24
ORD_00189,CUST_0127,PLACED,2025-11-03 11:14:24
ORD_00190,CUST_0457,SHIPPED,2025-03-10 11:14:24
ORD_00191,CUST_0359,DELIVERED,2026-01-22 11:14:24
ORD_00193,CUST_0051,SHIPPED,2024-11-30 11:14:24
ORD_00194,CUST_0220,SHIPPED,2024-09-14 11:14:24
ORD_00195,CUST_0212,DELIVERED,2024-09-09 11:14:24
ORD_00196,CUST_0021,PLACED,2025-03-10 11:14:24
ORD_00197,CUST_0178,RETURNED,2026-06-30 11:14:24
ORD_00198,CUST_0313,DELIVERED,2025-05-01 11:14:24
ORD_00199,CUST_0358,CANCELLED,2025-10-23 11:14:24
ORD_00200,CUST_0310,RETURNED,2024-10-08 11:14:24
ORD_00201,CUST_0105,PLACED,2025-01-31 11:14:24
ORD_00202,CUST_0384,RETURNED,2024-09-14 11:14:24
ORD_00203,CUST_0290,DELIVERED,2024-08-07 11:14:24
ORD_00204,CUST_0066,DELIVERED,2025-09-28 11:14:24
ORD_00205,CUST_0284,DELIVERED,2024-09-05 11:14:24
ORD_00206,CUST_0306,SHIPPED,2026-02-05 11:14:24
ORD_00207,CUST_0247,PLACED,2024-11-01 11:14:24
ORD_00208,CUST_0328,SHIPPED,2026-06-12 11:14:24
ORD_00209,CUST_0303,DELIVERED,2025-05-06 11:14:24
ORD_00210,CUST_0037,RETURNED,2024-07-13 11:14:24
ORD_00211,CUST_0195,DELIVERED,2024-07-08 11:14:24
ORD_00212,CUST_0548,CANCELLED,2024-08-20 11:14:24
ORD_00213,CUST_0308,SHIPPED,2024-09-03 11:14:24
ORD_00214,CUST_0186,DELIVERED,2026-03-31 11:14:24
ORD_00215,CUST_0265,RETURNED,2026-01-02 11:14:24
ORD_00216,CUST_0344,PLACED,2025-11-23 11:14:24
ORD_00217,CUST_0315,CANCELLED,2025-08-03 11:14:24
ORD_00218,CUST_0600,DELIVERED,2025-03-21 11:14:24
ORD_00219,CUST_0482,PLACED,2024-09-27 11:14:24
ORD_00220,CUST_0073,CANCELLED,2025-12-21 11:14:24
ORD_00221,CUST_0391,RETURNED,2025-09-06 11:14:24
ORD_00222,CUST_0155,SHIPPED,2025-12-15 11:14:24
ORD_00223,CUST_0584,CANCELLED,2026-02-12 11:14:24
ORD_00224,CUST_0185,PLACED,2025-02-24 11:14:24
ORD_00225,CUST_0182,DELIVERED,2024-09-27 11:14:24
ORD_00226,CUST_0463,DELIVERED,2025-12-06 11:14:24
ORD_00227,CUST_0173,RETURNED,2026-01-27 11:14:24
ORD_00228,CUST_0091,SHIPPED,2024-10-17 11:14:24
ORD_00229,CUST_0440,CANCELLED,2025-04-25 11:14:24
ORD_00230,CUST_0393,PLACED,2026-05-31 11:14:24
ORD_00231,CUST_0383,PLACED,2025-08-13 11:14:24
ORD_00232,CUST_0544,SHIPPED,2026-06-20 11:14:24
ORD_00233,CUST_0255,SHIPPED,2024-07-28 11:14:24
ORD_00234,CUST_0320,SHIPPED,2026-03-25 11:14:24
ORD_00235,CUST_0314,SHIPPED,2026-05-03 11:14:24
ORD_00236,CUST_0306,DELIVERED,2025-03-29 11:14:24
ORD_00237,CUST_0537,DELIVERED,2025-04-20 11:14:24
ORD_00238,CUST_0138,DELIVERED,2025-02-22 11:14:24
ORD_00240,CUST_0230,SHIPPED,2025-12-04 11:14:24
ORD_00241,CUST_0517,SHIPPED,2026-03-04 11:14:24
ORD_00242,CUST_0039,CANCELLED,2024-09-21 11:14:24
ORD_00243,CUST_0548,RETURNED,2026-05-20 11:14:24
ORD_00244,CUST_0050,PLACED,2024-09-07 11:14:24
ORD_00245,CUST_0050,PLACED,2025-05-08 11:14:24
ORD_00246,CUST_0127,RETURNED,2025-10-23 11:14:24
ORD_00247,CUST_0157,SHIPPED,2024-07-27 11:14:24
ORD_00248,CUST_0010,DELIVERED,2025-05-04 11:14:24
ORD_00249,CUST_0533,DELIVERED,2024-10-09 11:14:24
ORD_00250,CUST_0141,CANCELLED,2026-03-23 11:14:24
ORD_00251,CUST_0121,DELIVERED,2026-03-14 11:14:24
ORD_00252,CUST_0510,SHIPPED,2024-10-23 11:14:24
ORD_00253,CUST_0270,RETURNED,2025-12-14 11:14:24
ORD_00255,CUST_0509,SHIPPED,2024-08-03 11:14:24
ORD_00257,CUST_0092,PLACED,2024-11-28 11:14:24
ORD_00258,CUST_0153,PLACED,2025-01-31 11:14:24
ORD_00259,CUST_0104,DELIVERED,2024-09-17 11:14:24
ORD_00260,CUST_0304,DELIVERED,2025-03-20 11:14:24
ORD_00261,CUST_0179,PLACED,2025-09-14 11:14:24
ORD_00262,CUST_0321,CANCELLED,2026-03-12 11:14:24
ORD_00263,CUST_0047,PLACED,2026-02-17 11:14:24
ORD_00264,CUST_0175,DELIVERED,2025-07-07 11:14:24
ORD_00265,CUST_0275,PLACED,2025-06-22 11:14:24
ORD_00266,CUST_0188,PLACED,2025-05-24 11:14:24
ORD_00267,CUST_0468,DELIVERED,2025-06-09 11:14:24
ORD_00268,CUST_0490,CANCELLED,2024-09-12 11:14:24
ORD_00269,CUST_0171,PLACED,2026-02-23 11:14:24
ORD_00270,CUST_0061,SHIPPED,2026-03-24 11:14:24
ORD_00271,CUST_0495,RETURNED,2024-08-13 11:14:24
ORD_00273,CUST_0134,CANCELLED,2025-02-24 11:14:24
ORD_00274,CUST_0422,CANCELLED,2026-05-22 11:14:24
ORD_00275,CUST_0322,PLACED,2024-07-17 11:14:24
ORD_00276,CUST_0538,RETURNED,2024-12-07 11:14:24
ORD_00277,CUST_0347,RETURNED,2025-01-19 11:14:24
ORD_00278,CUST_0098,CANCELLED,2024-08-30 11:14:24
ORD_00279,CUST_0494,DELIVERED,2024-08-28 11:14:24
ORD_00280,CUST_0395,SHIPPED,2024-12-14 11:14:24
ORD_00281,CUST_0056,PLACED,2024-09-18 11:14:24
ORD_00282,CUST_0518,CANCELLED,2025-02-16 11:14:24
ORD_00283,CUST_0077,CANCELLED,2025-08-14 11:14:24
ORD_00284,CUST_0285,PLACED,2025-02-04 11:14:24
ORD_00285,CUST_0388,CANCELLED,2025-11-10 11:14:24
ORD_00286,CUST_0455,RETURNED,2025-04-06 11:14:24
ORD_00287,CUST_0511,CANCELLED,2025-08-19 11:14:24
ORD_00288,CUST_0510,PLACED,2026-03-25 11:14:24
ORD_00290,CUST_0094,RETURNED,2024-10-13 11:14:24
ORD_00291,CUST_0521,RETURNED,2025-12-09 11:14:24
ORD_00292,CUST_0468,DELIVERED,2025-07-01 11:14:24
ORD_00293,CUST_0229,CANCELLED,2025-08-03 11:14:24
ORD_00294,CUST_0485,DELIVERED,2025-04-01 11:14:24
ORD_00295,CUST_0228,PLACED,2025-07-24 11:14:24
ORD_00296,CUST_0299,RETURNED,2025-01-20 11:14:24
ORD_00297,CUST_0109,PLACED,2026-01-21 11:14:24
ORD_00298,CUST_0420,PLACED,2025-10-21 11:14:24
ORD_00299,CUST_0193,PLACED,2025-06-01 11:14:24
ORD_00300,CUST_0196,DELIVERED,2026-03-20 11:14:24
ORD_00301,CUST_0048,RETURNED,2026-03-04 11:14:24
ORD_00302,CUST_0462,CANCELLED,2024-09-02 11:14:24
ORD_00304,CUST_0050,RETURNED,2025-04-21 11:14:24
ORD_00305,CUST_0495,RETURNED,2026-01-08 11:14:24
ORD_00306,CUST_0178,SHIPPED,2026-03-24 11:14:24
ORD_00307,CUST_0330,RETURNED,2025-06-10 11:14:24
ORD_00308,CUST_0255,DELIVERED,2025-05-27 11:14:24
ORD_00309,CUST_0302,CANCELLED,2026-02-22 11:14:24
ORD_00310,CUST_0525,DELIVERED,2024-07-20 11:14:24
ORD_00311,CUST_0322,RETURNED,2024-09-29 11:14:24
ORD_00312,CUST_0215,RETURNED,2025-09-14 11:14:24
ORD_00313,CUST_0136,SHIPPED,2025-02-08 11:14:24
ORD_00314,CUST_0331,PLACED,2025-07-13 11:14:24
ORD_00315,CUST_0597,RETURNED,2024-08-24 11:14:24
ORD_00316,CUST_0547,DELIVERED,2025-05-02 11:14:24
ORD_00317,CUST_0536,PLACED,2026-06-13 11:14:24
ORD_00318,CUST_0055,PLACED,2025-12-16 11:14:24
ORD_00319,CUST_0165,DELIVERED,2024-08-08 11:14:24
ORD_00320,CUST_0064,DELIVERED,2025-12-12 11:14:24
ORD_00321,CUST_0034,DELIVERED,2025-04-01 11:14:24
ORD_00322,CUST_0576,SHIPPED,2024-09-14 11:14:24
ORD_00323,CUST_0244,RETURNED,2024-07-26 11:14:24
ORD_00324,CUST_0049,CANCELLED,2025-06-07 11:14:24
ORD_00326,CUST_0258,SHIPPED,2024-10-11 11:14:24
ORD_00327,CUST_0454,SHIPPED,2024-09-28 11:14:24
ORD_00328,CUST_0377,RETURNED,2024-12-26 11:14:24
ORD_00329,CUST_0202,SHIPPED,2025-09-10 11:14:24
ORD_00330,CUST_0077,SHIPPED,2026-01-12 11:14:24
ORD_00331,CUST_0123,CANCELLED,2026-05-28 11:14:24
ORD_00332,CUST_0570,DELIVERED,2026-02-25 11:14:24
ORD_00333,CUST_0262,PLACED,2025-08-04 11:14:24
ORD_00334,CUST_0159,PLACED,2026-02-01 11:14:24
ORD_00335,CUST_0053,RETURNED,2024-08-30 11:14:24
ORD_00336,CUST_0587,RETURNED,2025-07-07 11:14:24
ORD_00337,CUST_0326,RETURNED,2025-11-25 11:14:24
ORD_00338,CUST_0534,PLACED,2025-02-06 11:14:24
ORD_00339,CUST_0557,RETURNED,2025-05-21 11:14:24
ORD_00340,CUST_0227,SHIPPED,2024-08-28 11:14:24
ORD_00341,CUST_0370,DELIVERED,2025-11-27 11:14:24
ORD_00342,CUST_0544,CANCELLED,2024-12-11 11:14:24
ORD_00343,CUST_0010,PLACED,2024-08-23 11:14:24
ORD_00344,CUST_0247,RETURNED,2024-10-10 11:14:24
ORD_00345,CUST_0041,DELIVERED,2025-06-13 11:14:24
ORD_00346,CUST_0117,CANCELLED,2025-10-19 11:14:24
ORD_00347,CUST_0290,PLACED,2025-01-25 11:14:24
ORD_00348,CUST_0384,RETURNED,2025-02-03 11:14:24
ORD_00349,CUST_0045,DELIVERED,2024-09-09 11:14:24
ORD_00350,CUST_0527,PLACED,2026-04-01 11:14:24
ORD_00351,CUST_0551,RETURNED,2026-07-01 11:14:24
ORD_00352,CUST_0216,SHIPPED,2024-08-06 11:14:24
ORD_00353,CUST_0107,SHIPPED,2025-01-04 11:14:24
ORD_00354,CUST_0446,PLACED,2024-08-05 11:14:24
ORD_00355,CUST_0471,DELIVERED,2026-05-31 11:14:24
ORD_00356,CUST_0056,SHIPPED,2025-10-24 11:14:24
ORD_00357,CUST_0589,SHIPPED,2025-10-17 11:14:24
ORD_00358,CUST_0462,CANCELLED,2025-04-21 11:14:24
ORD_00360,CUST_0065,RETURNED,2026-05-23 11:14:24
ORD_00361,CUST_0075,DELIVERED,2025-02-09 11:14:24
ORD_00362,CUST_0309,RETURNED,2026-04-11 11:14:24
ORD_00363,CUST_0449,CANCELLED,2025-05-30 11:14:24
ORD_00364,CUST_0032,CANCELLED,2026-01-29 11:14:24
ORD_00365,CUST_0140,CANCELLED,2024-12-27 11:14:24
ORD_00366,CUST_0148,DELIVERED,2024-08-14 11:14:24
ORD_00367,CUST_0383,PLACED,2024-12-19 11:14:24
ORD_00369,CUST_0404,RETURNED,2024-12-25 11:14:24
ORD_00370,CUST_0313,SHIPPED,2025-07-21 11:14:24
ORD_00371,CUST_0525,SHIPPED,2026-01-25 11:14:24
ORD_00372,CUST_0259,SHIPPED,2026-03-13 11:14:24
ORD_00373,CUST_0581,PLACED,2024-12-23 11:14:24
ORD_00374,CUST_0563,PLACED,2025-09-14 11:14:24
ORD_00375,CUST_0257,PLACED,2025-12-18 11:14:24
ORD_00376,CUST_0499,DELIVERED,2025-07-08 11:14:24
ORD_00377,CUST_0241,PLACED,2025-09-20 11:14:24
ORD_00378,CUST_0199,DELIVERED,2025-02-26 11:14:24
ORD_00379,CUST_0314,RETURNED,2026-02-02 11:14:24
ORD_00380,CUST_0374,DELIVERED,2025-04-26 11:14:24
ORD_00381,CUST_0321,SHIPPED,2025-11-24 11:14:24
ORD_00382,CUST_0447,DELIVERED,2025-07-05 11:14:24
ORD_00383,CUST_0340,CANCELLED,2025-03-22 11:14:24
ORD_00384,CUST_0313,CANCELLED,2024-12-21 11:14:24
ORD_00385,CUST_0084,DELIVERED,2026-02-15 11:14:24
ORD_00386,CUST_0202,DELIVERED,2024-10-05 11:14:24
ORD_00387,CUST_0078,PLACED,2025-02-04 11:14:24
ORD_00388,CUST_0596,RETURNED,2025-05-20 11:14:24
ORD_00389,CUST_0218,PLACED,2024-12-21 11:14:24
ORD_00390,CUST_0553,CANCELLED,2024-09-07 11:14:24
ORD_00391,CUST_0375,CANCELLED,2025-11-22 11:14:24
ORD_00392,CUST_0298,SHIPPED,2025-03-20 11:14:24
ORD_00393,CUST_0093,CANCELLED,2025-07-01 11:14:24
ORD_00394,CUST_0245,RETURNED,2024-08-07 11:14:24
ORD_00395,CUST_0527,SHIPPED,2025-04-08 11:14:24
ORD_00396,CUST_0580,RETURNED,2024-09-01 11:14:24
ORD_00398,CUST_0500,SHIPPED,2026-05-05 11:14:24
ORD_00399,CUST_0240,PLACED,2024-08-23 11:14:24
ORD_00400,CUST_0370,CANCELLED,2025-03-15 11:14:24
ORD_00401,CUST_0048,PLACED,2024-09-12 11:14:24
ORD_00402,CUST_0534,DELIVERED,2025-10-12 11:14:24
ORD_00403,CUST_0584,SHIPPED,2025-06-18 11:14:24
ORD_00404,CUST_0375,RETURNED,2024-09-07 11:14:24
ORD_00405,CUST_0080,RETURNED,2025-10-24 11:14:24
ORD_00406,CUST_0229,RETURNED,2025-05-19 11:14:24
ORD_00407,CUST_0354,CANCELLED,2025-03-02 11:14:24
ORD_00408,CUST_0007,RETURNED,2026-02-16 11:14:24
ORD_00409,CUST_0236,PLACED,2025-01-28 11:14:24
ORD_00410,CUST_0217,SHIPPED,2025-12-29 11:14:24
ORD_00411,CUST_0122,SHIPPED,2025-05-10 11:14:24
ORD_00412,CUST_0117,CANCELLED,2024-08-16 11:14:24
ORD_00413,CUST_0216,RETURNED,2026-01-24 11:14:24
ORD_00415,CUST_0588,RETURNED,2026-01-25 11:14:24
ORD_00416,CUST_0525,PLACED,2024-11-29 11:14:24
ORD_00417,CUST_0171,DELIVERED,2026-01-05 11:14:24
ORD_00418,CUST_0416,RETURNED,2024-12-08 11:14:24
ORD_00419,CUST_0291,PLACED,2025-11-29 11:14:24
ORD_00420,CUST_0483,CANCELLED,2026-01-15 11:14:24
ORD_00421,CUST_0421,RETURNED,2026-02-12 11:14:24
ORD_00422,CUST_0187,RETURNED,2024-09-01 11:14:24
ORD_00423,CUST_0172,DELIVERED,2025-03-31 11:14:24
ORD_00424,CUST_0071,SHIPPED,2025-06-16 11:14:24
ORD_00425,CUST_0112,PLACED,2025-12-13 11:14:24
ORD_00426,CUST_0517,CANCELLED,2026-02-05 11:14:24
ORD_00427,CUST_0182,CANCELLED,2024-10-17 11:14:24
ORD_00428,CUST_0545,RETURNED,2026-03-10 11:14:24
ORD_00429,CUST_0134,RETURNED,2025-01-02 11:14:24
ORD_00430,CUST_0442,RETURNED,2025-05-04 11:14:24
ORD_00431,CUST_0045,RETURNED,2025-04-25 11:14:24
ORD_00432,CUST_0494,CANCELLED,2025-07-15 11:14:24
ORD_00433,CUST_0590,PLACED,2025-04-29 11:14:24
ORD_00434,CUST_0489,SHIPPED,2026-04-14 11:14:24
ORD_00435,CUST_0557,CANCELLED,2025-10-18 11:14:24
ORD_00436,CUST_0008,RETURNED,2025-01-19 11:14:24
ORD_00437,CUST_0008,CANCELLED,2024-09-06 11:14:24
ORD_00438,CUST_0324,CANCELLED,2025-07-03 11:14:24
ORD_00439,CUST_0437,RETURNED,2025-10-22 11:14:24
ORD_00440,CUST_0549,CANCELLED,2024-12-07 11:14:24
ORD_00441,CUST_0283,CANCELLED,2025-12-12 11:14:24
ORD_00442,CUST_0571,CANCELLED,2026-01-06 11:14:24
ORD_00443,CUST_0569,CANCELLED,2025-10-22 11:14:24
ORD_00444,CUST_0592,DELIVERED,2024-07-16 11:14:24
ORD_00445,CUST_0142,PLACED,2025-11-15 11:14:24
ORD_00446,CUST_0166,PLACED,2025-12-01 11:14:24
ORD_00447,CUST_0347,RETURNED,2024-10-18 11:14:24
ORD_00448,CUST_0054,SHIPPED,2025-06-05 11:14:24
ORD_00449,CUST_0006,PLACED,2026-02-10 11:14:24
ORD_00450,CUST_0446,PLACED,2026-05-04 11:14:24
ORD_00452,CUST_0394,CANCELLED,2024-10-18 11:14:24
ORD_00453,CUST_0294,RETURNED,2026-05-11 11:14:24
ORD_00456,CUST_0523,RETURNED,2024-07-23 11:14:24
ORD_00457,CUST_0174,PLACED,2025-07-05 11:14:24
ORD_00458,CUST_0001,SHIPPED,2026-04-11 11:14:24
ORD_00459,CUST_0410,DELIVERED,2024-08-22 11:14:24
ORD_00460,CUST_0206,RETURNED,2026-06-23 11:14:24
ORD_00461,CUST_0071,PLACED,2024-12-23 11:14:24
ORD_00462,CUST_0573,RETURNED,2025-07-17 11:14:24
ORD_00463,CUST_0284,SHIPPED,2024-10-26 11:14:24
ORD_00465,CUST_0180,CANCELLED,2025-02-05 11:14:24
ORD_00466,CUST_0075,RETURNED,2025-09-10 11:14:24
ORD_00467,CUST_0120,RETURNED,2025-10-18 11:14:24
ORD_00468,CUST_0589,DELIVERED,2024-07-28 11:14:24
ORD_00469,CUST_0387,RETURNED,2025-02-28 11:14:24
ORD_00470,CUST_0348,CANCELLED,2024-08-10 11:14:24
ORD_00471,CUST_0029,CANCELLED,2026-03-11 11:14:24
ORD_00472,CUST_0392,SHIPPED,2024-08-14 11:14:24
ORD_00473,CUST_0324,CANCELLED,2025-07-12 11:14:24
ORD_00474,CUST_0010,DELIVERED,2025-10-27 11:14:24
ORD_00475,CUST_0409,DELIVERED,2026-04-22 11:14:24
ORD_00476,CUST_0183,CANCELLED,2025-08-21 11:14:24
ORD_00477,CUST_0588,DELIVERED,2026-01-02 11:14:24
ORD_00478,CUST_0195,CANCELLED,2025-12-16 11:14:24
ORD_00479,CUST_0248,DELIVERED,2025-12-09 11:14:24
ORD_00480,CUST_0256,RETURNED,2025-07-09 11:14:24
ORD_00481,CUST_0110,PLACED,2026-04-19 11:14:24
ORD_00482,CUST_0505,RETURNED,2026-07-02 11:14:24
ORD_00483,CUST_0555,PLACED,2025-03-02 11:14:24
ORD_00484,CUST_0323,CANCELLED,2024-11-27 11:14:24
ORD_00485,CUST_0503,SHIPPED,2025-01-31 11:14:24
ORD_00486,CUST_0228,RETURNED,2026-02-27 11:14:24
ORD_00488,CUST_0356,CANCELLED,2024-08-05 11:14:24
ORD_00489,CUST_0469,PLACED,2024-07-23 11:14:24
ORD_00490,CUST_0324,PLACED,2026-06-26 11:14:24
ORD_00491,CUST_0389,RETURNED,2026-03-27 11:14:24
ORD_00492,CUST_0266,SHIPPED,2024-12-24 11:14:24
ORD_00493,CUST_0276,CANCELLED,2024-10-19 11:14:24
ORD_00494,CUST_0189,CANCELLED,2025-04-30 11:14:24
ORD_00495,CUST_0382,DELIVERED,2025-05-24 11:14:24
ORD_00496,CUST_0185,RETURNED,2026-02-24 11:14:24
ORD_00497,CUST_0235,PLACED,2025-10-05 11:14:24
ORD_00498,CUST_0569,CANCELLED,2025-06-13 11:14:24
ORD_00499,CUST_0154,CANCELLED,2026-06-29 11:14:24
ORD_00500,CUST_0512,SHIPPED,2024-10-01 11:14:24
ORD_00501,CUST_0324,CANCELLED,2025-09-04 11:14:24
ORD_00502,CUST_0582,PLACED,2025-05-27 11:14:24
ORD_00503,CUST_0168,PLACED,2025-11-30 11:14:24
ORD_00504,CUST_0488,PLACED,2025-04-04 11:14:24
ORD_00505,CUST_0267,DELIVERED,2025-07-05 11:14:24
ORD_00506,CUST_0264,DELIVERED,2026-06-18 11:14:24
ORD_00507,CUST_0360,RETURNED,2025-12-17 11:14:24
ORD_00508,CUST_0552,SHIPPED,2025-09-20 11:14:24
ORD_00509,CUST_0523,CANCELLED,2025-04-07 11:14:24
ORD_00510,CUST_0391,RETURNED,2025-09-18 11:14:24
ORD_00511,CUST_0149,SHIPPED,2024-09-21 11:14:24
ORD_00512,CUST_0346,CANCELLED,2024-09-30 11:14:24
ORD_00513,CUST_0415,PLACED,2026-04-18 11:14:24
ORD_00514,CUST_0234,DELIVERED,2025-08-18 11:14:24
ORD_00515,CUST_0274,RETURNED,2024-09-16 11:14:24
ORD_00516,CUST_0456,DELIVERED,2024-11-14 11:14:24
ORD_00517,CUST_0462,CANCELLED,2026-01-18 11:14:24
ORD_00518,CUST_0024,SHIPPED,2025-11-10 11:14:24
ORD_00519,CUST_0082,SHIPPED,2026-01-19 11:14:24
ORD_00520,CUST_0098,PLACED,2025-03-11 11:14:24
ORD_00521,CUST_0027,CANCELLED,2025-01-18 11:14:24
ORD_00522,CUST_0086,PLACED,2025-10-13 11:14:24
ORD_00523,CUST_0087,CANCELLED,2025-08-26 11:14:24
ORD_00524,CUST_0291,CANCELLED,2024-10-05 11:14:24
ORD_00526,CUST_0366,DELIVERED,2025-03-08 11:14:24
ORD_00527,CUST_0554,DELIVERED,2024-12-24 11:14:24
ORD_00528,CUST_0553,SHIPPED,2024-11-10 11:14:24
ORD_00529,CUST_0578,CANCELLED,2025-01-18 11:14:24
ORD_00530,CUST_0547,DELIVERED,2025-07-18 11:14:24
ORD_00531,CUST_0233,PLACED,2025-04-12 11:14:24
ORD_00532,CUST_0423,DELIVERED,2026-01-30 11:14:24
ORD_00533,CUST_0001,RETURNED,2026-02-19 11:14:24
ORD_00534,CUST_0481,RETURNED,2026-06-30 11:14:24
ORD_00536,CUST_0441,DELIVERED,2024-11-04 11:14:24
ORD_00537,CUST_0008,RETURNED,2025-06-21 11:14:24
ORD_00538,CUST_0575,CANCELLED,2025-05-30 11:14:24
ORD_00539,CUST_0400,CANCELLED,2025-11-25 11:14:24
ORD_00540,CUST_0433,SHIPPED,2025-01-25 11:14:24
ORD_00541,CUST_0279,DELIVERED,2024-09-12 11:14:24
ORD_00542,CUST_0276,CANCELLED,2025-12-28 11:14:24
ORD_00543,CUST_0187,SHIPPED,2025-09-15 11:14:24
ORD_00544,CUST_0467,RETURNED,2025-04-01 11:14:24
ORD_00546,CUST_0051,RETURNED,2026-06-16 11:14:24
ORD_00547,CUST_0105,DELIVERED,2025-10-06 11:14:24
ORD_00548,CUST_0449,PLACED,2025-11-12 11:14:24
ORD_00549,CUST_0016,CANCELLED,2025-11-28 11:14:24
ORD_00550,CUST_0320,CANCELLED,2025-06-23 11:14:24
ORD_00551,CUST_0033,DELIVERED,2026-04-17 11:14:24
ORD_00552,CUST_0150,PLACED,2025-10-09 11:14:24
ORD_00553,CUST_0074,RETURNED,2025-03-14 11:14:24
ORD_00554,CUST_0257,CANCELLED,2026-06-26 11:14:24
ORD_00555,CUST_0255,CANCELLED,2025-04-11 11:14:24
ORD_00556,CUST_0035,SHIPPED,2025-03-24 11:14:24
ORD_00557,CUST_0097,RETURNED,2024-08-26 11:14:24
ORD_00558,CUST_0485,CANCELLED,2024-08-10 11:14:24
ORD_00559,CUST_0331,SHIPPED,2024-10-02 11:14:24
ORD_00560,CUST_0563,RETURNED,2026-03-05 11:14:24
ORD_00561,CUST_0306,SHIPPED,2025-07-04 11:14:24
ORD_00562,CUST_0224,PLACED,2025-11-09 11:14:24
ORD_00563,CUST_0333,PLACED,2026-01-18 11:14:24
ORD_00564,CUST_0599,PLACED,2025-05-29 11:14:24
ORD_00565,CUST_0010,PLACED,2024-11-20 11:14:24
ORD_00566,CUST_0487,RETURNED,2026-01-31 11:14:24
ORD_00567,CUST_0092,SHIPPED,2026-01-28 11:14:24
ORD_00568,CUST_0347,PLACED,2026-05-08 11:14:24
ORD_00569,CUST_0158,RETURNED,2026-03-21 11:14:24
ORD_00570,CUST_0239,DELIVERED,2024-12-14 11:14:24
ORD_00572,CUST_0387,DELIVERED,2026-02-21 11:14:24
ORD_00573,CUST_0041,CANCELLED,2024-07-15 11:14:24
ORD_00574,CUST_0302,RETURNED,2024-07-25 11:14:24
ORD_00575,CUST_0581,SHIPPED,2024-12-29 11:14:24
ORD_00576,CUST_0480,DELIVERED,2024-11-02 11:14:24
ORD_00577,CUST_0568,SHIPPED,2026-04-29 11:14:24
ORD_00578,CUST_0461,DELIVERED,2025-10-12 11:14:24
ORD_00579,CUST_0465,PLACED,2024-09-23 11:14:24
ORD_00580,CUST_0190,PLACED,2024-10-12 11:14:24
ORD_00581,CUST_0245,DELIVERED,2026-05-05 11:14:24
ORD_00582,CUST_0552,CANCELLED,2025-12-26 11:14:24
ORD_00583,CUST_0510,RETURNED,2026-02-01 11:14:24
ORD_00584,CUST_0331,CANCELLED,2024-09-20 11:14:24
ORD_00585,CUST_0099,RETURNED,2024-09-02 11:14:24
ORD_00586,CUST_0133,SHIPPED,2026-06-06 11:14:24
ORD_00588,CUST_0398,CANCELLED,2025-01-16 11:14:24
ORD_00589,CUST_0263,PLACED,2025-06-28 11:14:24
ORD_00590,CUST_0073,PLACED,2025-12-07 11:14:24
ORD_00591,CUST_0082,CANCELLED,2024-09-22 11:14:24
ORD_00592,CUST_0572,CANCELLED,2025-06-26 11:14:24
ORD_00593,CUST_0060,RETURNED,2025-10-09 11:14:24
ORD_00594,CUST_0073,DELIVERED,2026-04-20 11:14:24
ORD_00595,CUST_0532,PLACED,2026-03-27 11:14:24
ORD_00596,CUST_0545,CANCELLED,2025-12-26 11:14:24
ORD_00597,CUST_0255,RETURNED,2024-10-06 11:14:24
ORD_00598,CUST_0572,RETURNED,2025-05-09 11:14:24
ORD_00599,CUST_0591,DELIVERED,2024-08-17 11:14:24
ORD_00600,CUST_0438,PLACED,2026-01-19 11:14:24
